{
  "country_dataset": {
    "accuracy": 0.5095057034220533,
    "correct": 134,
    "total": 263
  },
  "country_value_dataset": {
    "accuracy": 0.596958174904943,
    "correct": 157,
    "total": 263
  },
  "rule_of_thumb_dataset": {
    "accuracy": 0.5893536121673004,
    "correct": 155,
    "total": 263
  },
  "overall": {
    "accuracy": 0.5652724968314322,
    "correct": 446,
    "total": 789
  }
}