{
  "country_dataset": {
    "accuracy": 0.5817490494296578,
    "correct": 153,
    "total": 263
  },
  "country_value_dataset": {
    "accuracy": 0.5551330798479087,
    "correct": 146,
    "total": 263
  },
  "rule_of_thumb_dataset": {
    "accuracy": 0.6692015209125475,
    "correct": 176,
    "total": 263
  },
  "overall": {
    "accuracy": 0.6020278833967047,
    "correct": 475,
    "total": 789
  }
}