{
  "country_dataset": {
    "accuracy": 0.3155893536121673,
    "correct": 83,
    "total": 263
  },
  "country_value_dataset": {
    "accuracy": 0.43346007604562736,
    "correct": 114,
    "total": 263
  },
  "rule_of_thumb_dataset": {
    "accuracy": 0.3574144486692015,
    "correct": 94,
    "total": 263
  },
  "overall": {
    "accuracy": 0.3688212927756654,
    "correct": 291,
    "total": 789
  }
}