{
  "country_dataset": {
    "accuracy": 0.5437262357414449,
    "correct": 143,
    "total": 263
  },
  "country_value_dataset": {
    "accuracy": 0.5361216730038023,
    "correct": 141,
    "total": 263
  },
  "rule_of_thumb_dataset": {
    "accuracy": 0.6045627376425855,
    "correct": 159,
    "total": 263
  },
  "overall": {
    "accuracy": 0.5614702154626109,
    "correct": 443,
    "total": 789
  }
}